,Tropics,Savanna,Warm Temperate,Cool Temperate,Mediterranean,Desert
rain_anom,0.3204950456555472,0.45395559434635335,0.46574628682527236,0.3818865808789649,0.679072425804041,0.7049108534281894
rain_cml3_anom,0.4526742455971324,0.5423275635087002,0.6486779574446963,0.5426337214429114,0.7298427846042091,0.710402033285378
rain_cml6_anom,0.4884245654287364,0.5781370303188467,0.6612504623562284,0.5634986576439637,0.6588835610928203,0.6714126575345662
rain_cml12_anom,0.3137532486818139,0.5244798991374369,0.5817071924844002,0.5185400594429197,0.559431847877283,0.5566156422158701
tavg_anom,0.04401457426945619,-0.3122322024206533,-0.24947611851770782,-0.0408268010479343,-0.19946162361129946,-0.34493810396734126
srad_anom,-0.2619146141697,-0.5654481524036978,-0.470401749775423,-0.290343345082832,-0.5412540634183474,-0.7307326562907034
kNDVI_anom,0.6904979560582316,0.7489354004858473,0.8118587255504972,0.7094367750821035,0.6280713867547333,0.5419521995214006
