,Tropics,Savanna,Warm Temperate,Cool Temperate,Mediterranean,Desert
rain_anom,0.17285140238980432,0.27075604118565294,0.2111995379097247,0.15362012611492237,0.2539882792712781,0.3949391457760422
rain_cml3_anom,0.2764013687482464,0.4567068094552479,0.5115691707307268,0.4090555063279073,0.4814764589696991,0.662293510279362
rain_cml6_anom,0.3295313829097074,0.5447877968979367,0.5687012028339231,0.4720759872315302,0.5653775839506996,0.779516532899363
rain_cml12_anom,0.2552796979305944,0.5858793795856019,0.5024148434223585,0.4365681517204135,0.5158009703054371,0.7371841989655363
tavg_anom,-0.010065353897921974,-0.355593374229743,-0.2539099029917545,-0.10860654162761504,-0.2265636029366678,-0.3568447578847309
srad_anom,-0.23346733503608355,-0.4283352851230813,-0.2840099168698751,-0.1551149816113911,-0.2949387392069799,-0.4536784770608914
kNDVI_anom,0.8608292805177936,0.8806325105567313,0.8781463443865907,0.8067117584418132,0.8380290567212267,0.7991389043105585
