,Tropics,Savanna,Warm Temperate,Cool Temperate,Mediterranean,Desert
rain_anom,0.12267282521888086,-0.022379605463168768,0.09034027477282752,0.052412538461041526,0.06521901747369896,-0.08499043938033154
rain_cml3_anom,-0.12782396194407375,-0.30747524546339294,-0.29858790026628956,-0.23355073233737764,-0.21801384789513603,-0.41873904577428805
rain_cml6_anom,-0.2547444867041584,-0.40162438748058027,-0.40828511666520767,-0.3325016000520372,-0.32473422886861414,-0.499806112387034
rain_cml12_anom,-0.3440924155584145,-0.4883510313938449,-0.3649343931110202,-0.2908172967642532,-0.3014436514248583,-0.4112227959759052
tavg_anom,0.14703583983402066,0.35044489523160205,0.30620810281506444,0.25312841486373094,0.27811752019898134,0.4426640459168861
srad_anom,-0.09207543722060511,0.1450900064946412,-0.0004704464679725591,0.002769097755951825,0.01217922872778854,0.20279078026470673
kNDVI_anom,-0.6852300687146393,-0.7902497257327766,-0.7031394810657027,-0.6730058633661621,-0.6835467593159543,-0.5675913578245366
